{
  "clusters": [
    {
      "words": [
        "cron",
        "backup",
        "sleeper",
        "fifo",
        "restore",
        "iam",
        "cassandra",
        "tuned",
        "injected",
        "host",
        "bounded",
        "snapshot"
      ],
      "projects": [
        "dynomite-manager",
        "Raigad"
      ]
    },
    {
      "words": [
        "sparingly",
        "poller",
        "atlas",
        "specification",
        "reporter",
        "appender",
        "circular",
        "counter",
        "prototype",
        "measurement",
        "bucket",
        "timer",
        "noop",
        "percentile",
        "filtered",
        "tagged",
        "payload",
        "sidecar",
        "spectator",
        "aggr"
      ],
      "projects": [
        "spectator"
      ]
    },
    {
      "words": [
        "bucketed"
      ],
      "projects": [
        "inviso"
      ]
    },
    {
      "words": [
        "host"
      ],
      "projects": [
        "dynomite-manager",
        "Prana"
      ]
    },
    {
      "words": [
        "elastic"
      ],
      "projects": [
        "Raigad",
        "edda-client"
      ]
    }
  ]
}