{
  "clusters": [
    {
      "words": [
        "sparingly",
        "poller",
        "atlas",
        "specification",
        "reporter",
        "appender",
        "circular",
        "counter",
        "prototype",
        "measurement",
        "bucket",
        "timer",
        "noop",
        "percentile",
        "filtered",
        "tagged",
        "payload",
        "sidecar",
        "spectator",
        "aggr"
      ],
      "projects": [
        "spectator"
      ]
    },
    {
      "words": [
        "retryable",
        "cron",
        "ardb",
        "backup",
        "fifo",
        "restore",
        "florida",
        "servlet",
        "rocket",
        "dynomite",
        "storage",
        "redi",
        "bounded",
        "jedi",
        "compatible",
        "sleeper",
        "iam",
        "tuned",
        "cassandra",
        "injected",
        "host",
        "assumption",
        "snapshot",
        "yaml"
      ],
      "projects": [
        "dynomite-manager"
      ]
    },
    {
      "words": [
        "bucketed"
      ],
      "projects": [
        "inviso"
      ]
    }
  ]
}