{
  "clusters": [
    {
      "words": [
        "recorder",
        "timing"
      ],
      "projects": [
        "jbender",
        "jmonkeyengine"
      ]
    },
    {
      "words": [
        "rotation"
      ],
      "projects": [
        "thumbnailator",
        "BoofCV"
      ]
    },
    {
      "words": [
        "recorder",
        "customer"
      ],
      "projects": [
        "jmonkeyengine",
        "okhttp"
      ]
    },
    {
      "words": [
        "ostrich",
        "uploader"
      ],
      "projects": [
        "secor",
        "terrapin"
      ]
    },
    {
      "words": [
        "allocator"
      ],
      "projects": [
        "javapoet",
        "jmonkeyengine"
      ]
    },
    {
      "words": [
        "backup",
        "snapshot"
      ],
      "projects": [
        "dynomite-manager",
        "ocelli"
      ]
    },
    {
      "words": [
        "bucketed"
      ],
      "projects": [
        "inviso"
      ]
    },
    {
      "words": [
        "async"
      ],
      "projects": [
        "okhttp",
        "imgscalr"
      ]
    },
    {
      "words": [
        "backup",
        "servlet"
      ],
      "projects": [
        "dynomite-manager",
        "terrapin"
      ]
    },
    {
      "words": [
        "host"
      ],
      "projects": [
        "dynomite-manager",
        "Prana"
      ]
    },
    {
      "words": [
        "jedi",
        "redi"
      ],
      "projects": [
        "pinlater",
        "dynomite-manager"
      ]
    },
    {
      "words": [
        "crawler",
        "moshi"
      ],
      "projects": [
        "retrofit",
        "okhttp"
      ]
    },
    {
      "words": [
        "elastic"
      ],
      "projects": [
        "Raigad",
        "edda-client"
      ]
    },
    {
      "words": [
        "codegen"
      ],
      "projects": [
        "wire",
        "pad"
      ]
    },
    {
      "words": [
        "disconnect",
        "translucent",
        "distnoise",
        "translational",
        "maintain",
        "inception",
        "hosted",
        "skeleton",
        "allocator",
        "modulator",
        "filtered",
        "intersection",
        "thermal",
        "midpoint",
        "displacement",
        "smoothing",
        "blending",
        "picker",
        "spatial",
        "offscreen",
        "armature",
        "calculator",
        "pointer",
        "coordinate",
        "surface",
        "delegator",
        "timing",
        "erode",
        "iterative",
        "tracer",
        "lighting",
        "water",
        "marble",
        "scattering",
        "quaternion",
        "triangulated",
        "uncached",
        "subtitle",
        "fractal",
        "posterization",
        "cinematic",
        "rotational",
        "sailing",
        "emitter",
        "luminance",
        "bresenham",
        "binormal",
        "optimized",
        "ambient",
        "neighbour",
        "screenshot",
        "spline",
        "transparent",
        "tangent",
        "entropy",
        "directional",
        "irradiance",
        "particle",
        "projection",
        "execution",
        "recorder",
        "cartoon",
        "deposition",
        "navigating",
        "reporter",
        "eigen",
        "picture",
        "kinematic",
        "collidable",
        "harness",
        "cylinder",
        "geometry",
        "compressed",
        "landscape",
        "customer"
      ],
      "projects": [
        "BoofCV",
        "Catalano-Framework",
        "jmonkeyengine"
      ]
    },
    {
      "words": [
        "sweep",
        "hinge",
        "ball",
        "detection",
        "quaternion",
        "overlapping",
        "cylinder",
        "impulse",
        "rigid",
        "triangle"
      ],
      "projects": [
        "jReactPhysics3D",
        "react"
      ]
    },
    {
      "words": [
        "conveyor",
        "revolute",
        "sweep",
        "motor",
        "rope",
        "mass",
        "impulse",
        "hull",
        "prismatic",
        "friction"
      ],
      "projects": [
        "dyn4j",
        "jbox2d"
      ]
    },
    {
      "words": [
        "demonstrate"
      ],
      "projects": [
        "BoofCV",
        "seismic"
      ]
    },
    {
      "words": [
        "email"
      ],
      "projects": [
        "fundraiser",
        "iep"
      ]
    },
    {
      "words": [
        "enforceable"
      ],
      "projects": [
        "otto",
        "BoofCV"
      ]
    },
    {
      "words": [
        "fail",
        "emitted",
        "stacktrace",
        "extrude",
        "branch",
        "aggregate"
      ],
      "projects": [
        "cascading-helpers"
      ]
    },
    {
      "words": [
        "jedi",
        "redi"
      ],
      "projects": [
        "dynomite-manager",
        "dyno-queues"
      ]
    },
    {
      "words": [
        "unique",
        "evaluator"
      ],
      "projects": [
        "pad",
        "Fenzo"
      ]
    },
    {
      "words": [
        "firehose",
        "pressure",
        "subscription"
      ],
      "projects": [
        "reactivesocket-examples"
      ]
    },
    {
      "words": [
        "scheduler",
        "amazon",
        "paginated",
        "unmarshaller"
      ],
      "projects": [
        "rx-aws-java-sdk"
      ]
    },
    {
      "words": [
        "cron",
        "backup",
        "sleeper",
        "fifo",
        "restore",
        "iam",
        "cassandra",
        "tuned",
        "injected",
        "host",
        "bounded",
        "snapshot"
      ],
      "projects": [
        "dynomite-manager",
        "Raigad"
      ]
    },
    {
      "words": [
        "thumbor"
      ],
      "projects": [
        "pollexor"
      ]
    },
    {
      "words": [
        "servlet",
        "bridge"
      ],
      "projects": [
        "pad",
        "runtime-health"
      ]
    },
    {
      "words": [
        "repeated"
      ],
      "projects": [
        "wire",
        "cascading2-protobufs"
      ]
    },
    {
      "words": [
        "euclidean",
        "permutation"
      ],
      "projects": [
        "Catalano-Framework",
        "imglib2"
      ]
    },
    {
      "words": [
        "multipart"
      ],
      "projects": [
        "okhttp",
        "mimecraft"
      ]
    },
    {
      "words": [
        "demonstrate"
      ],
      "projects": [
        "dagger",
        "BoofCV"
      ]
    },
    {
      "words": [
        "fiber"
      ],
      "projects": [
        "jbender",
        "quasar-thrift"
      ]
    },
    {
      "words": [
        "announcer",
        "minter",
        "announcement"
      ],
      "projects": [
        "hollow-reference-implementation"
      ]
    },
    {
      "words": [
        "lexer",
        "refactor"
      ],
      "projects": [
        "rewrite"
      ]
    },
    {
      "words": [
        "indexer"
      ],
      "projects": [
        "q",
        "imglib2"
      ]
    },
    {
      "words": [
        "atlas",
        "spectator"
      ],
      "projects": [
        "iep",
        "spectator"
      ]
    },
    {
      "words": [
        "home"
      ],
      "projects": [
        "dagger",
        "android-pdk"
      ]
    },
    {
      "words": [
        "rpca",
        "dickey",
        "ridge",
        "augmented",
        "fuller"
      ],
      "projects": [
        "Surus"
      ]
    },
    {
      "words": [
        "optimized",
        "delegator",
        "reporter"
      ],
      "projects": [
        "pad",
        "jmonkeyengine"
      ]
    }
  ]
}