{
  "clusters": [
    {
      "words": [
        "cron",
        "backup",
        "sleeper",
        "fifo",
        "restore",
        "iam",
        "cassandra",
        "tuned",
        "injected",
        "host",
        "bounded",
        "snapshot"
      ],
      "projects": [
        "dynomite-manager",
        "Raigad"
      ]
    },
    {
      "words": [
        "backup",
        "snapshot"
      ],
      "projects": [
        "dynomite-manager",
        "ocelli"
      ]
    },
    {
      "words": [
        "bucketed"
      ],
      "projects": [
        "inviso"
      ]
    },
    {
      "words": [
        "atlas",
        "spectator"
      ],
      "projects": [
        "iep",
        "spectator"
      ]
    },
    {
      "words": [
        "host"
      ],
      "projects": [
        "dynomite-manager",
        "Prana"
      ]
    },
    {
      "words": [
        "estimator",
        "limiter"
      ],
      "projects": [
        "ocelli",
        "BoofCV"
      ]
    },
    {
      "words": [
        "elastic"
      ],
      "projects": [
        "Raigad",
        "edda-client"
      ]
    }
  ]
}