{
  "clusters": [
    {
      "words": [
        "recorder",
        "timing"
      ],
      "projects": [
        "jbender",
        "jmonkeyengine"
      ]
    },
    {
      "words": [
        "concrete",
        "splitter",
        "customer"
      ],
      "projects": [
        "buck",
        "swift"
      ]
    },
    {
      "words": [
        "ostrich",
        "uploader"
      ],
      "projects": [
        "secor",
        "terrapin"
      ]
    },
    {
      "words": [
        "allocator"
      ],
      "projects": [
        "javapoet",
        "jmonkeyengine"
      ]
    },
    {
      "words": [
        "crawler",
        "moshi"
      ],
      "projects": [
        "retrofit",
        "okhttp"
      ]
    },
    {
      "words": [
        "elastic"
      ],
      "projects": [
        "Raigad",
        "edda-client"
      ]
    },
    {
      "words": [
        "async",
        "bridge",
        "customer"
      ],
      "projects": [
        "okhttp",
        "facebook-android-sdk"
      ]
    },
    {
      "words": [
        "sweep",
        "hinge",
        "ball",
        "detection",
        "quaternion",
        "overlapping",
        "cylinder",
        "impulse",
        "rigid",
        "triangle"
      ],
      "projects": [
        "jReactPhysics3D",
        "react"
      ]
    },
    {
      "words": [
        "timer",
        "counter"
      ],
      "projects": [
        "spectator",
        "giraph"
      ]
    },
    {
      "words": [
        "conveyor",
        "revolute",
        "sweep",
        "motor",
        "rope",
        "mass",
        "impulse",
        "hull",
        "prismatic",
        "friction"
      ],
      "projects": [
        "dyn4j",
        "jbox2d"
      ]
    },
    {
      "words": [
        "demonstrate"
      ],
      "projects": [
        "BoofCV",
        "seismic"
      ]
    },
    {
      "words": [
        "email"
      ],
      "projects": [
        "fundraiser",
        "iep"
      ]
    },
    {
      "words": [
        "unique",
        "evaluator"
      ],
      "projects": [
        "pad",
        "Fenzo"
      ]
    },
    {
      "words": [
        "converting",
        "replace",
        "react",
        "concatenator",
        "identical",
        "copier",
        "allocator",
        "aggregating",
        "filtered",
        "sanitizer",
        "compressing",
        "instrumentation",
        "diagnostic",
        "transitive",
        "alter",
        "announcement",
        "tracing",
        "coordinate",
        "cleaner",
        "standalone",
        "capture",
        "tracer",
        "matcher",
        "secondary",
        "traverse",
        "precompiled",
        "retrying",
        "terminate",
        "demonstrate",
        "interference",
        "installable",
        "subdirectory",
        "downloader",
        "concrete",
        "alligator",
        "decorator",
        "translating",
        "listable",
        "traversable",
        "translator",
        "additional",
        "deterministic",
        "toolchain",
        "literal",
        "aggregate",
        "streaming",
        "trace",
        "concatenated",
        "estimator",
        "versioned",
        "agnostic",
        "placeholder",
        "overwriting",
        "introduction",
        "evaluator",
        "listening",
        "directed",
        "simulator",
        "relativizer",
        "suggestion",
        "grained",
        "convertible",
        "fattener",
        "reporter",
        "sortable",
        "splitter",
        "generic",
        "target",
        "dominator",
        "initializable",
        "compilation",
        "bootstrapper",
        "configurable",
        "frontend",
        "customer"
      ],
      "projects": [
        "buck",
        "BoofCV",
        "Catalano-Framework"
      ]
    },
    {
      "words": [
        "translating",
        "estimator",
        "translator",
        "replace",
        "reporter",
        "terminate"
      ],
      "projects": [
        "buck",
        "jcommon"
      ]
    },
    {
      "words": [
        "converter",
        "sampling",
        "mixed",
        "invertible",
        "hyper"
      ],
      "projects": [
        "jcommon",
        "imglib2"
      ]
    },
    {
      "words": [
        "demonstrate"
      ],
      "projects": [
        "dagger",
        "BoofCV"
      ]
    },
    {
      "words": [
        "fiber"
      ],
      "projects": [
        "jbender",
        "quasar-thrift"
      ]
    },
    {
      "words": [
        "picker",
        "picture",
        "customer"
      ],
      "projects": [
        "jmonkeyengine",
        "facebook-android-sdk"
      ]
    },
    {
      "words": [
        "atlas",
        "spectator"
      ],
      "projects": [
        "iep",
        "spectator"
      ]
    },
    {
      "words": [
        "home"
      ],
      "projects": [
        "dagger",
        "android-pdk"
      ]
    },
    {
      "words": [
        "rpca",
        "dickey",
        "ridge",
        "augmented",
        "fuller"
      ],
      "projects": [
        "Surus"
      ]
    },
    {
      "words": [
        "optimized",
        "delegator",
        "reporter"
      ],
      "projects": [
        "pad",
        "jmonkeyengine"
      ]
    },
    {
      "words": [
        "rotation"
      ],
      "projects": [
        "thumbnailator",
        "BoofCV"
      ]
    },
    {
      "words": [
        "bucketed"
      ],
      "projects": [
        "inviso"
      ]
    },
    {
      "words": [
        "async"
      ],
      "projects": [
        "okhttp",
        "imgscalr"
      ]
    },
    {
      "words": [
        "backup",
        "servlet"
      ],
      "projects": [
        "dynomite-manager",
        "terrapin"
      ]
    },
    {
      "words": [
        "host"
      ],
      "projects": [
        "dynomite-manager",
        "Prana"
      ]
    },
    {
      "words": [
        "jedi",
        "redi"
      ],
      "projects": [
        "pinlater",
        "dynomite-manager"
      ]
    },
    {
      "words": [
        "allocator",
        "coordinate",
        "filtered",
        "reporter",
        "tracer",
        "customer"
      ],
      "projects": [
        "buck",
        "jmonkeyengine"
      ]
    },
    {
      "words": [
        "announcement"
      ],
      "projects": [
        "buck",
        "hollow-reference-implementation"
      ]
    },
    {
      "words": [
        "enforceable"
      ],
      "projects": [
        "otto",
        "BoofCV"
      ]
    },
    {
      "words": [
        "pruner",
        "packed"
      ],
      "projects": [
        "wire",
        "jcommon"
      ]
    },
    {
      "words": [
        "jedi",
        "redi"
      ],
      "projects": [
        "dynomite-manager",
        "dyno-queues"
      ]
    },
    {
      "words": [
        "firehose",
        "pressure",
        "subscription"
      ],
      "projects": [
        "reactivesocket-examples"
      ]
    },
    {
      "words": [
        "scheduler",
        "amazon",
        "paginated",
        "unmarshaller"
      ],
      "projects": [
        "rx-aws-java-sdk"
      ]
    },
    {
      "words": [
        "cron",
        "backup",
        "sleeper",
        "fifo",
        "restore",
        "iam",
        "cassandra",
        "tuned",
        "injected",
        "host",
        "bounded",
        "snapshot"
      ],
      "projects": [
        "dynomite-manager",
        "Raigad"
      ]
    },
    {
      "words": [
        "thumbor"
      ],
      "projects": [
        "pollexor"
      ]
    },
    {
      "words": [
        "servlet",
        "bridge"
      ],
      "projects": [
        "pad",
        "runtime-health"
      ]
    },
    {
      "words": [
        "repeated"
      ],
      "projects": [
        "wire",
        "cascading2-protobufs"
      ]
    },
    {
      "words": [
        "multipart"
      ],
      "projects": [
        "okhttp",
        "mimecraft"
      ]
    },
    {
      "words": [
        "payload",
        "reporter",
        "appender",
        "prototype"
      ],
      "projects": [
        "jcommon",
        "spectator"
      ]
    },
    {
      "words": [
        "estimator",
        "quantile",
        "keyed",
        "snapshot"
      ],
      "projects": [
        "ocelli",
        "jcommon"
      ]
    },
    {
      "words": [
        "fail",
        "stacktrace"
      ],
      "projects": [
        "giraph",
        "cascading-helpers"
      ]
    },
    {
      "words": [
        "lexer",
        "refactor"
      ],
      "projects": [
        "rewrite"
      ]
    },
    {
      "words": [
        "indexer"
      ],
      "projects": [
        "q",
        "imglib2"
      ]
    },
    {
      "words": [
        "async",
        "dispatcher"
      ],
      "projects": [
        "okhttp",
        "nifty"
      ]
    }
  ]
}